product_id,tn
20001,1250
20002,970.9665352
20003,805.4824142
20004,545.4045171
20005,-648.1195398
20006,-447.8988526
20007,359.7852259
20008,176.3201074
20009,399.7413601
20010,-358.7009801
20011,-410.0401305
20012,161.1840672
