product_id,tn
20001,1250
20002,1073.173539
20003,890.2700368
20004,602.8155189
20005,648.1195398
20006,447.8988526
20007,397.6573549
20008,194.8801187
20009,441.819398
20010,358.7009801
20011,410.0401305
20012,178.1508112
