product_id,tn
20001,1150
20002,1022.070037
20003,847.8762255
20004,637.90002
20005,444.9333225
20006,417.23228
20007,390.43432
20008,195.36854
20009,495.03574
20010,359.59998
20011,392.3829
20012,173.13004
