product_id,tn
20001,1399.360361
20002,1022.070037
20003,847.8762255
20004,574.110018
20005,682.2310945
20006,417.23228
20007,351.390888
20008,175.831686
20009,445.532166
20010,359.59998
20011,400.230558
20012,169.6674392
