product_id,tn
20001,1399.360361
20002,1022.070037
20003,847.8762255
20004,574.110018
20005,682.2310945
20006,471.4724764
20007,378.7212904
20008,185.600113
20009,420.780379
20010,377.579979
20011,431.62119
20012,169.6674392
