product_id,tn
20001,1250
20002,919.8630333
20003,763.088603
20004,516.6990162
20005,614.0079851
20006,424.3252288
20007,340.8491614
20008,167.0401017
20009,378.7023411
20010,339.8219811
20011,388.459071
20012,152.7006953
